data,ipca,expec_ipca_top5_curto_prazo,ic_br,cambio_brl_eur,ipc_s,April,August,February,January,July,June,March,May,November,October,September
2004-01-01,0.76,0.43142857142857144,-0.03962782653998076,-0.0014872497109945648,0.7075,0,0,0,1,0,0,0,0,0,0,0
2004-02-01,0.61,0.43,0.037878944863832587,0.029318749383510978,0.7475,0,0,1,0,0,0,0,0,0,0,0
2004-03-01,0.47,0.4230434782608696,0.04489933806191093,-0.03819202989793058,0.466,0,0,0,0,0,0,1,0,0,0,0
2004-04-01,0.37,0.4947368421052632,0.016984302854540445,-0.02120303709529958,0.3375,1,0,0,0,0,0,0,0,0,0,0
2004-05-01,0.51,0.7904761904761906,0.08138193380111236,0.06585406470422894,0.5525,0,0,0,0,0,0,0,1,0,0,0
2004-06-01,0.71,0.5650000000000001,0.004451178007128576,0.020475650072316887,0.836,0,0,0,0,0,1,0,0,0,0,0
2004-07-01,0.91,0.4690909090909091,-0.042644581764351486,-0.020694662114719486,0.745,0,0,0,0,1,0,0,0,0,0,0
2004-08-01,0.69,0.4268181818181818,-0.016354740497797948,-0.017230632316860728,0.8019999999999999,0,1,0,0,0,0,0,0,0,0,0
2004-09-01,0.33,0.5625,-0.014425608418061842,-0.034796308401374265,0.325,0,0,0,0,0,0,0,0,0,0,1
2004-10-01,0.44,0.5335,0.0028636903877252706,0.010061438721131744,0.1375,0,0,0,0,0,0,0,0,0,1,0
2004-11-01,0.69,0.6147368421052631,-0.017112511415416698,0.015578432761648386,0.304,0,0,0,0,0,0,0,0,1,0,0
2004-12-01,0.86,0.587,-0.01662142294007296,0.005440911408279847,0.6125,0,0,0,0,0,0,0,0,0,0,0
2005-01-01,0.58,0.4205,-0.0031598722845966876,-0.03227146096304101,0.8075,0,0,0,1,0,0,0,0,0,0,0
2005-02-01,0.59,0.41333333333333333,-0.02777817111951464,-0.04077022976104461,0.61,0,0,1,0,0,0,0,0,0,0,0
2005-03-01,0.61,0.3718181818181818,0.08271431292783049,0.05096597606653752,0.655,0,0,0,0,0,0,1,0,0,0,0
2005-04-01,0.87,0.3655,-0.06737596983916116,-0.06675969298954154,0.87,1,0,0,0,0,0,0,0,0,0,0
2005-05-01,0.49,0.6357142857142857,-0.06859239090490643,-0.06903836139019748,0.96,0,0,0,0,0,0,0,1,0,0,0
2005-06-01,-0.02,0.45571428571428574,-0.03292568218730629,-0.060747059996516306,0.21,0,0,0,0,0,1,0,0,0,0,0
2005-07-01,0.25,0.40238095238095245,-0.017216747232139618,-0.02575317609460881,0.1125,0,0,0,0,1,0,0,0,0,0,0
2005-08-01,0.17,0.3869565217391305,0.01987337930158617,0.015017519867068785,-0.2275,0,1,0,0,0,0,0,0,0,0,0
2005-09-01,0.35,0.38,0.005512085392584076,-0.03303069427412986,-0.1275,0,0,0,0,0,0,0,0,0,0,1
2005-10-01,0.75,0.35700000000000004,0.023146917686117874,-0.03444188715607288,0.44,0,0,0,0,0,0,0,0,0,1,0
2005-11-01,0.55,0.40549999999999997,-0.013954469501953781,-0.04083456919013051,0.5275000000000001,0,0,0,0,0,0,0,0,1,0,0
2005-12-01,0.36,0.4509090909090909,0.08555788836164702,0.03980643338618561,0.555,0,0,0,0,0,0,0,0,0,0,0
2006-01-01,0.59,0.3645454545454545,0.017938145131012995,0.01615883437848553,0.71,0,0,0,1,0,0,0,0,0,0,0
2006-02-01,0.41,0.36666666666666664,-0.04253826199924582,-0.06464138991004442,0.18,0,0,1,0,0,0,0,0,0,0,0
2006-03-01,0.43,0.26260869565217393,-0.03929860898199955,0.002520155416248171,0.225,0,0,0,0,0,0,1,0,0,0,0
2006-04-01,0.21,0.25055555555555553,0.015653413222237234,0.010579615673961928,0.2775,1,0,0,0,0,0,0,0,0,0,0
2006-05-01,0.1,0.33,0.03940636396079,0.06216715996722311,0.11,0,0,0,0,0,0,0,1,0,0,0
2006-06-01,-0.21,0.3295,0.005132086735878616,0.02258324536184042,-0.3675,0,0,0,0,0,1,0,0,0,0,0
2006-07-01,0.19,0.33499999999999996,0.0012037317132076453,-0.0244021759980102,-0.085,0,0,0,0,1,0,0,0,0,0,0
2006-08-01,0.05,0.3565217391304348,-0.02744074615495329,-0.006241303301182777,0.19,0,1,0,0,0,0,0,0,0,0,0
2006-09-01,0.21,0.4485,-0.02493478513691816,-7.202939129680175e-05,0.2675,0,0,0,0,0,0,0,0,0,0,1
2006-10-01,0.33,0.35,0.011553536771616635,-0.017998252912948987,0.1775,0,0,0,0,0,0,0,0,0,1,0
2006-11-01,0.31,0.4255,0.04212440416185448,0.026048683292539954,0.2975,0,0,0,0,0,0,0,0,1,0,0
2006-12-01,0.48,0.48600000000000004,0.009268091654277555,0.019238866339436056,0.455,0,0,0,0,0,0,0,0,0,0,0
2007-01-01,0.44,0.33999999999999997,-0.017007212647232706,-0.021438718610332863,0.8,0,0,0,1,0,0,0,0,0,0,0
2007-02-01,0.44,0.3,-0.003233959362234806,-0.01306955832890222,0.5075000000000001,0,0,1,0,0,0,0,0,0,0,0
2007-03-01,0.37,0.22,-0.0004049812751514281,0.009159882643045902,0.49,0,0,0,0,0,0,1,0,0,0,0
2007-04-01,0.25,0.21368421052631578,-0.02959829669232583,-0.0072679522525056495,0.4275,1,0,0,0,0,0,0,0,0,0,0
2007-05-01,0.28,0.19727272727272727,-0.02065623027238317,-0.026058368170860158,0.29500000000000004,0,0,0,0,0,0,0,1,0,0,0
2007-06-01,0.28,0.2145,-0.020222265965756492,-0.03171786155336542,0.4025,0,0,0,0,0,1,0,0,0,0,0
2007-07-01,0.24,0.2280952380952381,-0.004901703621816189,-0.0037600795455062785,0.37250000000000005,0,0,0,0,1,0,0,0,0,0,0
2007-08-01,0.47,0.2952173913043478,0.02437829711627071,0.0358937453741911,0.4,0,1,0,0,0,0,0,0,0,0,0
2007-09-01,0.18,0.3215789473684211,0.006161710772920159,-0.012290206392289615,0.3225,0,0,0,0,0,0,0,0,0,0,1
2007-10-01,0.3,0.31272727272727274,-0.015583622014539777,-0.03176659291091932,0.28500000000000003,0,0,0,0,0,0,0,0,0,1,0
2007-11-01,0.38,0.4385,-0.0018304177385122244,0.014944230878871756,0.14750000000000002,0,0,0,0,0,0,0,0,1,0,0
2007-12-01,0.74,0.4594736842105263,0.01103917753522321,0.00040553184422753574,0.6525000000000001,0,0,0,0,0,0,0,0,0,0,0
2008-01-01,0.54,0.358695652173913,0.043589425770260704,0.003810890911616127,0.94,0,0,0,1,0,0,0,0,0,0,0
2008-02-01,0.49,0.3188888888888889,0.05412092552098002,-0.024150277701481482,0.3825,0,0,1,0,0,0,0,0,0,0,0
2008-03-01,0.48,0.278,0.01829465324347357,0.03920434582950416,0.2325,0,0,0,0,0,0,1,0,0,0,0
2008-04-01,0.55,0.2515,-0.00018984337978267263,0.003108768995882527,0.7325,1,0,0,0,0,0,0,0,0,0,0
2008-05-01,0.79,0.3725,0.00652885888246324,-0.02904949053873629,0.78,0,0,0,0,0,0,0,1,0,0,0
2008-06-01,0.74,0.395,0.016091656046151037,-0.02480942297472344,0.9625,0,0,0,0,0,1,0,0,0,0,0
2008-07-01,0.53,0.40454545454545454,-0.026424970725291708,-0.005040244464311616,0.67,0,0,0,0,1,0,0,0,0,0,0
2008-08-01,0.28,0.43809523809523815,-0.07579534004070876,-0.03981658258009746,0.29000000000000004,0,1,0,0,0,0,0,0,0,0,0
2008-09-01,0.26,0.46761904761904766,0.04953393512227677,0.07039861593907859,0.027500000000000004,0,0,0,0,0,0,0,0,0,0,1
2008-10-01,0.45,0.6230434782608696,0.007310330328525794,0.10917396892937059,0.3175,0,0,0,0,0,0,0,0,0,1,0
2008-11-01,0.36,0.5485,-0.04053068995927944,0.00015520710540961602,0.5675,0,0,0,0,0,0,0,0,1,0,0
2008-12-01,0.28,0.46238095238095245,-0.009143617498951429,0.1137341021849041,0.6475,0,0,0,0,0,0,0,0,0,0,0
2009-01-01,0.48,0.38181818181818183,-0.010361723893973718,-0.056275855823061605,0.75,0,0,0,1,0,0,0,0,0,0,0
2009-02-01,0.55,0.3861111111111111,-0.03654717361323101,-0.03059816187114328,0.5,0,0,1,0,0,0,0,0,0,0,0
2009-03-01,0.2,0.32045454545454544,-0.023484657041628942,0.02008354752961572,0.4475,0,0,0,0,0,0,1,0,0,0,0
2009-04-01,0.48,0.23526315789473684,-0.006702217034741942,-0.03642932378005481,0.615,1,0,0,0,0,0,0,0,0,0,0
2009-05-01,0.47,0.446,0.0011018070748836095,-0.03274847142735582,0.47500000000000003,0,0,0,0,0,0,0,1,0,0,0
2009-06-01,0.36,0.3525,-0.03896086364432172,-0.028111829379945608,0.26,0,0,0,0,0,1,0,0,0,0,0
2009-07-01,0.24,0.25,-0.016974023373022007,-0.007469905280762523,0.34,0,0,0,0,1,0,0,0,0,0,0
2009-08-01,0.15,0.3395238095238095,0.0075410764004653075,-0.033486481458697814,0.2575,0,1,0,0,0,0,0,0,0,0,0
2009-09-01,0.24,0.35,-0.00812352152147966,0.0075176333196117495,0.395,0,0,0,0,0,0,0,0,0,0,1
2009-10-01,0.28,0.40238095238095234,0.006504087969176453,-0.029437518549539687,0.0875,0,0,0,0,0,0,0,0,0,1,0
2009-11-01,0.41,0.48,0.014937655667150551,0.00011607574853667035,0.195,0,0,0,0,0,0,0,0,1,0,0
2009-12-01,0.37,0.49238095238095236,0.04559162363121594,-0.009140983515216194,0.305,0,0,0,0,0,0,0,0,0,0,0
2010-01-01,0.75,0.39249999999999996,0.048805730915749024,-0.004837710038649079,0.92,0,0,0,1,0,0,0,0,0,0,0
2010-02-01,0.78,0.3333333333333333,0.0035222247125776818,-0.007897969931581428,0.9725,0,0,1,0,0,0,0,0,0,0,0
2010-03-01,0.52,0.3,-0.05746261485832527,-0.03880308942634425,0.885,0,0,0,0,0,0,1,0,0,0,0
2010-04-01,0.57,0.2495,-0.01300867203687961,-0.0276069861324576,0.825,1,0,0,0,0,0,0,0,0,0,0
2010-05-01,0.43,0.27714285714285714,-0.008357060170742336,-0.03683151602562118,0.525,0,0,0,0,0,0,0,1,0,0,0
2010-06-01,0.0,0.3165,-0.015902889706740808,-0.0299186743250901,-0.0575,0,0,0,0,0,1,0,0,0,0,0
2010-07-01,0.01,0.3936363636363636,0.014223064013558329,0.02648687668760863,-0.14,0,0,0,0,1,0,0,0,0,0,0
2010-08-01,0.04,0.4359090909090909,0.04963309612858424,0.002160901764153955,-0.155,0,1,0,0,0,0,0,0,0,0,0
2010-09-01,0.45,0.4585,0.041572566013305945,-0.007208081740743499,0.335,0,0,0,0,0,0,0,0,0,0,1
2010-10-01,0.75,0.489,0.04442507206064317,0.037220816387196654,0.64,0,0,0,0,0,0,0,0,0,1,0
2010-11-01,0.83,0.5965,0.06800066544448224,-0.002390438532687389,0.81,0,0,0,0,0,0,0,0,1,0,0
2010-12-01,0.63,0.7281818181818182,0.041900319383262996,-0.04116533720454729,0.9475,0,0,0,0,0,0,0,0,0,0,0
2011-01-01,0.83,0.477,0.04273861344939078,-0.00029403247439885316,1.1075,0,0,0,1,0,0,0,0,0,0,0
2011-02-01,0.8,0.46900000000000003,0.05428386144726538,0.017498726877572146,0.77,0,0,1,0,0,0,0,0,0,0,0
2011-03-01,0.79,0.45714285714285713,-0.007187381204123433,0.021310497964815545,0.6575,0,0,0,0,0,0,1,0,0,0,0
2011-04-01,0.77,0.2810526315789474,-0.03407568030742869,-0.014494802563390419,0.8675,1,0,0,0,0,0,0,0,0,0,0
2011-05-01,0.47,0.15772727272727274,-0.058481220236847875,0.007558677485184573,0.9025000000000001,0,0,0,0,0,0,0,1,0,0,0
2011-06-01,0.15,0.255,-0.021146945292543684,-0.011166046647925865,0.012499999999999997,0,0,0,0,0,1,0,0,0,0,0
2011-07-01,0.16,0.3514285714285714,-0.010017682259154448,-0.022693480915150666,-0.0975,0,0,0,0,1,0,0,0,0,0,0
2011-08-01,0.37,0.45217391304347826,0.006959850935060352,0.024154397191049726,0.21750000000000003,0,1,0,0,0,0,0,0,0,0,0
2011-09-01,0.53,0.5115000000000001,0.07234998752282351,0.04901921984754565,0.6275,0,0,0,0,0,0,0,0,0,0,1
2011-10-01,0.43,0.5055,-0.030714056639146392,0.011567837189612962,0.365,0,0,0,0,0,0,0,0,0,1,0
2011-11-01,0.52,0.62,-0.006588095950547768,-0.0028061712966189756,0.42000000000000004,0,0,0,0,0,0,0,0,1,0,0
2011-12-01,0.5,0.6122727272727272,-0.011898653066164222,-0.002921396959324696,0.73,0,0,0,0,0,0,0,0,0,0,0
2012-01-01,0.56,0.5073913043478261,0.007540588119215208,-0.0467997819060999,0.91,0,0,0,1,0,0,0,0,0,0,0
2012-02-01,0.45,0.47777777777777775,-0.024583429173040905,-0.015112318977311912,0.3175,0,0,1,0,0,0,0,0,0,0,0
2012-03-01,0.21,0.4709090909090909,0.021258550792874864,0.0424162044141676,0.49750000000000005,0,0,0,0,0,0,1,0,0,0,0
2012-04-01,0.64,0.2894736842105263,-0.0026327351757995388,0.02921018642241424,0.56,1,0,0,0,0,0,0,0,0,0,0
2012-05-01,0.36,0.20181818181818184,0.01569343454604688,0.038045858543311994,0.535,0,0,0,0,0,0,0,1,0,0,0
2012-06-01,0.08,0.3315,-0.0031190460219496785,0.013042946739380334,0.245,0,0,0,0,0,1,0,0,0,0,0
2012-07-01,0.43,0.40238095238095234,0.07165045003416814,-0.0302983420489239,0.2275,0,0,0,0,1,0,0,0,0,0,0
2012-08-01,0.41,0.43565217391304345,0.007403864499025303,0.009919518105915293,0.3925,0,1,0,0,0,0,0,0,0,0,0
2012-09-01,0.57,0.5194736842105264,0.017643309128803075,0.036346932063196946,0.5,0,0,0,0,0,0,0,0,0,0,1
2012-10-01,0.59,0.5186363636363637,-0.010532665179162848,0.008729737741335675,0.5775,0,0,0,0,0,0,0,0,0,1,0
2012-11-01,0.6,0.651,0.010532665179162848,0.007667773262248101,0.4025,0,0,0,0,0,0,0,0,1,0,0
2012-12-01,0.79,0.33894736842105266,0.0141580056655215,0.02735419886155932,0.6875,0,0,0,0,0,0,0,0,0,0,0
2013-01-01,0.86,0.39045454545454544,-0.020717997576062075,-0.009753175896826671,0.925,0,0,0,1,0,0,0,0,0,0,0
2013-02-01,0.6,0.5283333333333333,-0.03313349723452674,-0.025864540109263423,0.505,0,0,1,0,0,0,0,0,0,0,0
2013-03-01,0.47,0.3545,-0.015613055166857848,-0.02412739722830859,0.6625,0,0,0,0,0,0,1,0,0,0,0
2013-04-01,0.55,0.31333333333333335,-0.0176386229287413,0.014795986459644084,0.605,1,0,0,0,0,0,0,0,0,0,0
2013-05-01,0.37,0.35428571428571426,0.00152413238649185,0.011728747835511477,0.3875,0,0,0,0,0,0,0,1,0,0,0
2013-06-01,0.26,0.2895,0.04822997280308883,0.08314385814304126,0.4075,0,0,0,0,0,1,0,0,0,0,0
2013-07-01,0.03,0.40090909090909094,0.02066700328874216,0.027094011119025874,0.0050000000000000044,0,0,0,0,1,0,0,0,0,0,0
2013-08-01,0.24,0.55,0.03941206089497484,0.05683877323374342,0.0975,0,1,0,0,0,0,0,0,0,0,0
2013-09-01,0.35,0.6595,-0.02164320859426727,-0.02825159371792596,0.2725,0,0,0,0,0,0,0,0,0,0,1
2013-10-01,0.57,0.6991304347826086,-0.028408095174195402,-0.01499839882899301,0.4675,0,0,0,0,0,0,0,0,0,1,0
2013-11-01,0.54,0.719,0.031042530294607573,0.03627605355310615,0.655,0,0,0,0,0,0,0,0,1,0,0
2013-12-01,0.92,0.66,0.027626909668722277,0.03736635021747703,0.7050000000000001,0,0,0,0,0,0,0,0,0,0,0
2014-01-01,0.55,0.515,0.01879109799187262,0.008990863451102449,0.875,0,0,0,1,0,0,0,0,0,0,0
2014-02-01,0.69,0.5660000000000001,0.03712454166586543,0.003954844826676851,0.7725,0,0,1,0,0,0,0,0,0,0,0
2014-03-01,0.92,0.48947368421052634,0.0012093190163113832,-0.011773935453580853,0.8075,0,0,0,0,0,0,1,0,0,0,0
2014-04-01,0.67,0.36526315789473685,-0.02789872777851876,-0.04276585027680935,0.8425,1,0,0,0,0,0,0,0,0,0,0
2014-05-01,0.46,0.2861904761904762,-0.01851973098951909,-0.012065879098116739,0.7075,0,0,0,0,0,0,0,1,0,0,0
2014-06-01,0.4,0.29894736842105263,-0.005451232555864216,-0.0026044783790817316,0.3725,0,0,0,0,0,1,0,0,0,0,0
2014-07-01,0.01,0.37454545454545457,-0.016991158247218863,-0.009125608837600163,0.195,0,0,0,0,1,0,0,0,0,0,0
2014-08-01,0.25,0.5066666666666667,-0.010950831186751664,0.002953398602462798,0.105,0,1,0,0,0,0,0,0,0,0,0
2014-09-01,0.57,0.5476190476190477,0.01921816182756597,-0.003764778448950512,0.38,0,0,0,0,0,0,0,0,0,0,1
2014-10-01,0.42,0.6756521739130434,0.05073418351036807,0.03106977074040551,0.48,0,0,0,0,0,0,0,0,0,1,0
2014-11-01,0.51,0.9535,0.040040529002872915,0.023584704310322335,0.5549999999999999,0,0,0,0,0,0,0,0,1,0,0
2014-12-01,0.78,0.7299999999999999,-0.0029705386079710294,0.02323164155877455,0.7625,0,0,0,0,0,0,0,0,0,0,0
2015-01-01,1.24,0.5959090909090908,-0.04891470492555605,-0.060503520038652114,1.37,0,0,0,1,0,0,0,0,0,0,0
2015-02-01,1.22,0.5672222222222222,0.04489390228155088,0.042553241693679134,1.2375,0,0,1,0,0,0,0,0,0,0,0
2015-03-01,1.32,0.4122727272727273,0.07833136749075287,0.06093935979724874,1.0750000000000002,0,0,0,0,0,0,1,0,0,0,0
2015-04-01,0.71,0.29473684210526313,-0.024249522382158162,-0.03109283609564084,0.8674999999999999,1,0,0,0,0,0,0,0,0,0,0
2015-05-01,0.74,0.315,0.01138532222512545,0.036891589628750054,0.6875,0,0,0,0,0,0,0,1,0,0,0
2015-06-01,0.79,0.284,0.008873977331507632,0.02229529373483219,0.8400000000000001,0,0,0,0,0,1,0,0,0,0,0
2015-07-01,0.62,0.3759090909090909,0.03335756332468787,0.015355743804816857,0.67,0,0,0,0,1,0,0,0,0,0,0
2015-08-01,0.22,0.48857142857142855,0.046729788202513056,0.09873071840241865,0.34500000000000003,0,1,0,0,0,0,0,0,0,0,0
2015-09-01,0.54,0.5735,0.08890442531229503,0.11393856949330616,0.315,0,0,0,0,0,0,0,0,0,0,1
2015-10-01,0.82,0.7152380952380952,0.007649569378070709,-0.0067412497656325066,0.68,0,0,0,0,0,0,0,0,0,1,0
2015-11-01,1.01,0.8835000000000001,-0.049182069306377585,-0.07434288302532233,0.895,0,0,0,0,0,0,0,0,1,0,0
2015-12-01,0.96,0.76,0.011289987264597734,0.04138314786178565,1.0666666666666667,0,0,0,0,0,0,0,0,0,0,0
2016-01-01,1.27,0.58,0.028989140656898726,0.04298128661871892,1.405,0,0,0,1,0,0,0,0,0,0,0
2016-02-01,0.9,0.7455555555555555,-0.015662672838734792,0.0005555843633116009,1.27,0,0,1,0,0,0,0,0,0,0,0
2016-03-01,0.43,0.5086363636363637,-0.05774506175070737,-0.06620749630390677,0.61,0,0,0,0,0,0,1,0,0,0,0
2016-04-01,0.61,0.3285,-0.03396023539976678,-0.018191015942524702,0.45,1,0,0,0,0,0,0,0,0,0,0
2016-05-01,0.78,0.2604761904761905,0.009245616816428992,-0.01096889294196246,0.6575,0,0,0,0,0,0,0,1,0,0,0
2016-06-01,0.35,0.3057142857142857,0.004381365229891188,-0.03978333275837431,0.4075,0,0,0,0,0,1,0,0,0,0,0
2016-07-01,0.52,0.3538095238095238,-0.05041743067643445,-0.05999181109969931,0.395,0,0,0,0,1,0,0,0,0,0,0
2016-08-01,0.44,0.3947826086956522,-0.020103737058001947,-0.007029061385865898,0.4125,0,1,0,0,0,0,0,0,0,0,0
2016-09-01,0.08,0.44750000000000006,0.017328585481924286,0.01505428230704875,0.21500000000000002,0,0,0,0,0,0,0,0,0,0,1
2016-10-01,0.26,0.6224999999999999,-0.0016434896240387076,-0.039470567355437636,0.2275,0,0,0,0,0,0,0,0,0,1,0
2016-11-01,0.18,0.576,0.053517680123292166,0.025148129826669363,0.28750000000000003,0,0,0,0,0,0,0,0,1,0,0
2016-12-01,0.3,0.5968181818181818,0.021064652838148845,-0.018698219799919036,0.2225,0,0,0,0,0,0,0,0,0,0,0
2017-01-01,0.38,0.40454545454545454,-0.030281863187845204,-0.040104842402051144,0.61,0,0,0,1,0,0,0,0,0,0,0
2017-02-01,0.33,0.4627777777777778,-0.03466775764719099,-0.026386965226492753,0.4525,0,0,1,0,0,0,0,0,0,0,0
2017-03-01,0.25,0.3160869565217391,-0.022366060461246562,0.011628840832416554,0.3875,0,0,0,0,0,0,1,0,0,0,0
2017-04-01,0.14,0.1388888888888889,0.0005124591746259455,0.005265487819469783,0.33999999999999997,1,0,0,0,0,0,0,0,0,0,0
2017-05-01,0.31,0.17045454545454544,0.02460670025994638,0.05465584303866344,0.35750000000000004,0,0,0,0,0,0,0,1,0,0,0
2017-06-01,-0.23,0.2355,-0.0018762904997915442,0.04200181394339242,0.020000000000000004,0,0,0,0,0,1,0,0,0,0,0
2017-07-01,0.24,0.298,-0.013677689515288805,-0.0027449907024617026,0.06,0,0,0,0,1,0,0,0,0,0,0
2017-08-01,0.19,0.32652173913043475,-0.021424809238431486,0.007834224227923459,0.3175,0,1,0,0,0,0,0,0,0,0,0
2017-09-01,0.16,0.382,0.021234399539655335,0.0028081635987153852,8.673617379884035e-19,0,0,0,0,0,0,0,0,0,0,1
2017-10-01,0.42,0.4247619047619048,0.0311216768443483,0.004562043956459982,0.26,0,0,0,0,0,0,0,0,0,1,0
2017-11-01,0.28,0.4485,0.05173929385666831,0.020578978256243108,0.335,0,0,0,0,0,0,0,0,1,0,0
2017-12-01,0.44,0.399,-0.008802873745954898,0.017623335299009613,0.3025,0,0,0,0,0,0,0,0,0,0,0
2018-01-01,0.29,0.3209090909090909,0.009094972477401875,0.005804742895459292,0.515,0,0,0,1,0,0,0,0,0,0,0
2018-02-01,0.32,0.31777777777777777,0.0033821246304368557,0.021115219133042373,0.3975,0,0,1,0,0,0,0,0,0,0,0
2018-03-01,0.09,0.27285714285714285,-0.015783470787740228,0.010426372500123016,0.14,0,0,0,0,0,0,1,0,0,0,0
2018-04-01,0.22,0.215,0.039086501606109714,0.03322822566525807,0.33,1,0,0,0,0,0,0,0,0,0,0
2018-05-01,0.4,0.2538095238095238,0.08756099937499151,0.026889209360442035,0.325,0,0,0,0,0,0,0,1,0,0,0
2018-06-01,1.26,0.20285714285714285,0.030834814301204716,0.025838306608938266,1.0150000000000001,0,0,0,0,0,1,0,0,0,0,0
2018-07-01,0.33,0.21428571428571427,-0.004506679020361837,0.014865909157511181,0.5575,0,0,0,0,1,0,0,0,0,0,0
2018-08-01,-0.09,0.28652173913043477,0.008288736426867338,0.014465030927006461,0.14,0,1,0,0,0,0,0,0,0,0,0
2018-09-01,0.48,0.3684210526315789,0.05821762495253768,0.056884252053457596,0.2725,0,0,0,0,0,0,0,0,0,0,1
2018-10-01,0.45,0.3004545454545455,-0.06301065145894924,-0.10695896028095242,0.5175000000000001,0,0,0,0,0,0,0,0,0,1,0
2018-11-01,-0.21,0.461,-0.024626868531966828,-0.0027096688667478386,0.14750000000000002,0,0,0,0,0,0,0,0,1,0,0
2018-12-01,0.15,0.4242105263157895,0.004189841898083024,0.026561106364620946,0.075,0,0,0,0,0,0,0,0,0,0,0
2019-01-01,0.32,0.33636363636363636,-0.03583821952076782,-0.03411766402014127,0.5275,0,0,0,1,0,0,0,0,0,0,0
2019-02-01,0.43,0.3495,0.0025114229449556547,-0.010806646936305508,0.3775,0,0,1,0,0,0,0,0,0,0,0
2019-03-01,0.75,0.4221052631578947,0.025345825523271692,0.027551594865023343,0.5700000000000001,0,0,0,0,0,0,1,0,0,0,0
2019-04-01,0.57,0.2605,0.015181537060593442,0.007429475941388208,0.7275,1,0,0,0,0,0,0,0,0,0,0
2019-05-01,0.13,0.2113636363636364,-0.019979960704464617,0.022318076996571845,0.3875,0,0,0,0,0,0,0,1,0,0,0
2019-06-01,0.01,0.10052631578947369,-0.050448882104675796,-0.026437591075837874,0.0225,0,0,0,0,0,1,0,0,0,0,0
2019-07-01,0.19,0.2281818181818182,-0.007561785721609482,-0.02802000082695888,0.16999999999999998,0,0,0,0,1,0,0,0,0,0,0
2019-08-01,0.11,0.23090909090909092,0.0027664065446231234,0.05395073021388774,0.2425,0,1,0,0,0,0,0,0,0,0,0
2019-09-01,-0.04,0.20750000000000002,0.05094791180383229,0.014235768203141097,0.0525,0,0,0,0,0,0,0,0,0,0,1
2019-10-01,0.1,0.3743478260869565,0.02181338113185216,-0.004133383832999771,-0.042499999999999996,0,0,0,0,0,0,0,0,0,1,0
2019-11-01,0.51,0.33649999999999997,0.048239574106520244,0.015941651860710726,0.2125,0,0,0,0,0,0,0,0,1,0,0
2019-12-01,1.15,0.41950000000000004,0.00619801403394149,-0.00532650575565774,0.82,0,0,0,0,0,0,0,0,0,0,0
2020-01-01,0.21,0.2643478260869565,0.009779792302611945,0.008189825294390385,0.55,0,0,0,1,0,0,0,0,0,0,0
2020-02-01,0.25,0.35,-0.004539097078239074,0.028340055537908526,0.2575,0,0,1,0,0,0,0,0,0,0,0
2020-03-01,0.07,0.10227272727272728,-0.0440294689825409,0.1293103981728676,0.1375,0,0,0,0,0,0,1,0,0,0,0
2020-04-01,-0.31,0.10947368421052632,0.015507298935609981,0.07098072887726148,0.15250000000000002,1,0,0,0,0,0,0,0,0,0,0
2020-05-01,-0.38,0.346,0.11604965943148837,0.061020852463619546,-0.49500000000000005,0,0,0,0,0,0,0,1,0,0,0
2020-06-01,0.26,0.193,-0.04977282134886707,-0.05075563564469565,-0.010000000000000009,0,0,0,0,0,1,0,0,0,0,0
2020-07-01,0.36,0.16545454545454547,0.06844278313262198,0.03560355279274785,0.52,0,0,0,0,1,0,0,0,0,0,0
2020-08-01,0.24,0.2219047619047619,0.08972779559738697,0.06430186340484623,0.525,0,1,0,0,0,0,0,0,0,0,0
2020-09-01,0.64,0.22199999999999998,0.005356836808383392,-0.01547463039102337,0.645,0,0,0,0,0,0,0,0,0,0,1
2020-10-01,0.86,0.3904761904761904,0.05392349417653364,0.039715709181276315,0.9075,0,0,0,0,0,0,0,0,0,1,0
2020-11-01,0.89,0.4445,0.0011617232283338552,-0.03131733814124127,0.73,0,0,0,0,0,0,0,0,1,0,0
2020-12-01,1.35,0.31857142857142856,-0.013650802118175598,-0.023587242122984797,1.26,0,0,0,0,0,0,0,0,0,0,0
2021-01-01,0.25,0.2495,0.10034377636310587,0.039184561388519334,0.5,0,0,0,1,0,0,0,0,0,0,0
2021-02-01,0.86,0.3383333333333333,0.06793913060967949,0.0051825684310551345,0.40750000000000003,0,0,1,0,0,0,0,0,0,0,0
2021-03-01,0.93,0.34847826086956524,0.05180335199662256,0.02526101515533563,0.895,0,0,0,0,0,0,1,0,0,0,0
2021-04-01,0.31,0.313,0.012053081927712483,-0.00897149394840513,0.59,1,0,0,0,0,0,0,0,0,0,0
2021-05-01,0.83,0.3758142857142857,0.01098698315514568,-0.035085542633035205,0.5625,0,0,0,0,0,0,0,1,0,0,0
2021-06-01,0.53,0.28400000000000003,-0.03616586687608958,-0.05881922305757725,0.685,0,0,0,0,0,1,0,0,0,0,0
2021-07-01,0.96,0.35087727272727276,0.05041465944242596,0.005815217403794426,0.875,0,0,0,0,1,0,0,0,0,0,0
2021-08-01,0.87,0.40090909090909094,0.03342495412294788,0.01345371374870541,0.8125,0,1,0,0,0,0,0,0,0,0,0
2021-09-01,1.16,0.42000000000000004,0.02301080848546988,0.005158097493676683,1.1775,0,0,0,0,0,0,0,0,0,0,1
2021-10-01,1.25,0.7295,0.1069266866905707,0.03420130766410567,1.135,0,0,0,0,0,0,0,0,0,1,0
2021-11-01,0.95,0.616,-0.0033459879399195813,-0.014665913534714692,0.925,0,0,0,0,0,0,0,0,1,0,0
2021-12-01,0.73,0.7690909090909092,-0.0071539143162544505,0.008144019035412953,0.9125000000000001,0,0,0,0,0,0,0,0,0,0,0
2022-01-01,0.54,0.531,0.029488361517384654,-0.01900194826094359,0.47250000000000003,0,0,0,1,0,0,0,0,0,0,0
2022-02-01,1.01,0.5368421052631579,-0.007882467422099637,-0.06031324888364842,0.375,0,0,1,0,0,0,0,0,0,0,0
2022-03-01,1.62,-0.07636363636363636,0.04285232605524936,-0.07481393936636871,0.8500000000000001,0,0,0,0,0,0,1,0,0,0,0
2022-04-01,1.06,0.3936842105263158,-0.011306265187144504,-0.06333781997703647,1.5025,1,0,0,0,0,0,0,0,0,0,0
2022-05-01,0.47,0.5727272727272728,0.03169271055423728,0.019686473506825175,0.545,0,0,0,0,0,0,0,1,0,0,0
2022-06-01,0.67,0.286,-0.009510261999123415,0.017868698535048244,0.7825,0,0,0,0,0,1,0,0,0,0,0
2022-07-01,-0.68,0.45624761904761907,-0.02459799532007878,0.02421855894962799,-0.175,0,0,0,0,1,0,0,0,0,0,0
2022-08-01,-0.36,0.5247826086956522,-0.007185371857870493,-0.0479056858214415,-0.9825,0,1,0,0,0,0,0,0,0,0,0
2022-09-01,-0.29,0.48200000000000004,-0.013891473355310602,-0.005146732476175142,0.002499999999999998,0,0,0,0,0,0,0,0,0,0,1
2022-10-01,0.59,0.7055,-0.03582524684294164,-0.0017293675761447247,0.49750000000000005,0,0,0,0,0,0,0,0,0,1,0
2022-11-01,0.41,0.629,0.012518897518137173,0.04116077670012097,0.6575,0,0,0,0,0,0,0,0,1,0,0
2022-12-01,0.62,0.7227272727272728,-0.02209517281918849,0.029243544724321557,0.5125,0,0,0,0,0,0,0,0,0,0,0
2023-01-01,0.53,0.43681818181818177,-0.026160702707809236,0.008880984269880488,0.5925,0,0,0,1,0,0,0,0,0,0,0
2023-02-01,0.84,0.6111111111111112,-0.015753777667580238,-0.011401340344710187,0.46,0,0,1,0,0,0,0,0,0,0,0
2023-03-01,0.71,0.4107608695652174,-0.028860391191599888,0.008194454477767232,0.635,0,0,0,0,0,0,1,0,0,0,0
2023-04-01,0.61,0.3743222222222222,-0.004459745863892195,-0.01429168765761979,0.5375,1,0,0,0,0,0,0,0,0,0,0
2023-05-01,0.23,0.48420909090909087,-0.047953134596310676,-0.017289510353615034,0.435,0,0,0,0,0,0,0,1,0,0,0
2023-06-01,-0.08,0.2585,-0.007758622033924745,-0.02759028340285874,-0.1275,0,0,0,0,0,1,0,0,0,0,0
2023-07-01,0.12,0.3095,0.018211227387365803,0.008920418236748162,0.060000000000000005,0,0,0,0,1,0,0,0,0,0,0
2023-08-01,0.23,0.34304347826086956,0.02818679077749664,0.007628063807090912,-0.08249999999999999,0,1,0,0,0,0,0,0,0,0,0
2023-09-01,0.26,0.2685,0.03661129277510433,-0.01486479472072677,0.17,0,0,0,0,0,0,0,0,0,0,1
2023-10-01,0.24,0.5047619047619047,0.009804916850340462,0.014988697329565204,0.36750000000000005,0,0,0,0,0,0,0,0,0,1,0
2023-11-01,0.28,0.44749999999999995,-0.05225364433109547,-0.009090983892191984,0.4225,0,0,0,0,0,0,0,0,1,0,0
2023-12-01,0.56,0.6015,-0.04064810187460122,0.007693248849971246,0.2625,0,0,0,0,0,0,0,0,0,0,0
2024-01-01,0.42,0.3139130434782609,0.007846140449314198,0.002524167190905313,0.5225,0,0,0,1,0,0,0,0,0,0,0
2024-02-01,0.83,0.39222222222222225,0.04172586124467692,0.00026095607057130543,0.6375000000000001,0,0,1,0,0,0,0,0,0,0,0
2024-03-01,0.16,0.22749999999999998,0.025194254445538355,0.010802698946060785,0.315,0,0,0,0,0,0,1,0,0,0,0
2024-04-01,0.38,0.16213333333333332,0.05693278512457933,0.015380197559037079,0.3025,1,0,0,0,0,0,0,0,0,0,0
2024-05-01,0.46,0.13476190476190478,-0.008501072089073247,0.009580961141458122,0.48,0,0,0,0,0,0,0,1,0,0,0
2024-06-01,0.21,0.0625,0.05362865305944098,0.0434578636807077,0.47000000000000003,0,0,0,0,0,1,0,0,0,0,0
2024-07-01,0.38,0.18409090909090908,0.012414371400727653,0.03573148236820689,0.36000000000000004,0,0,0,0,1,0,0,0,0,0,0
2024-08-01,-0.02,0.31136363636363634,-0.023327592652589324,0.017749617013273378,0.195,0,1,0,0,0,0,0,0,0,0,0
2024-09-01,0.44,0.199,0.016252548602522232,0.005484480569185379,0.3325,0,0,0,0,0,0,0,0,0,0,1
2024-10-01,0.56,0.42594782608695647,0.04507108786427949,-0.0041469537224601005,0.455,0,0,0,0,0,0,0,0,0,1,0
2024-11-01,0.39,0.6284210526315789,0.03826188885591719,0.008145928187514473,0.085,0,0,0,0,0,0,0,0,1,0,0
2024-12-01,0.52,1.2625,0.06518847765529934,0.032872944744188004,0.14,0,0,0,0,0,0,0,0,0,0,0
2025-01-01,0.16,0.5063636363636363,0.011378915707624948,-0.02312788204575944,0.165,0,0,0,1,0,0,0,0,0,0,0
2025-02-01,1.31,0.509,-0.04551104876383327,-0.03749815015011593,0.8674999999999999,0,0,1,0,0,0,0,0,0,0,0
2025-03-01,0.56,0.3878947368421053,-0.03096686314406316,0.03677144982169245,0.8325,0,0,0,0,0,0,1,0,0,0,0
